date,date_year,date_month,date_day,date_dw,date_holiday,date_holiday_note
2020-01-01,2020,1,1,Wed,1,元日
2020-01-02,2020,1,2,Thu,0,
2020-01-03,2020,1,3,Fri,0,
2020-01-04,2020,1,4,Sat,1,
2020-01-05,2020,1,5,Sun,1,
2020-01-06,2020,1,6,Mon,0,
2020-01-07,2020,1,7,Tue,0,
2020-01-08,2020,1,8,Wed,0,
2020-01-09,2020,1,9,Thu,0,
2020-01-10,2020,1,10,Fri,0,
2020-01-11,2020,1,11,Sat,1,
2020-01-12,2020,1,12,Sun,1,
2020-01-13,2020,1,13,Mon,1,成人の日
2020-01-14,2020,1,14,Tue,0,
2020-01-15,2020,1,15,Wed,0,
2020-01-16,2020,1,16,Thu,0,
2020-01-17,2020,1,17,Fri,0,
2020-01-18,2020,1,18,Sat,1,
2020-01-19,2020,1,19,Sun,1,
2020-01-20,2020,1,20,Mon,0,
2020-01-21,2020,1,21,Tue,0,
2020-01-22,2020,1,22,Wed,0,
2020-01-23,2020,1,23,Thu,0,
2020-01-24,2020,1,24,Fri,0,
2020-01-25,2020,1,25,Sat,1,
2020-01-26,2020,1,26,Sun,1,
2020-01-27,2020,1,27,Mon,0,
2020-01-28,2020,1,28,Tue,0,
2020-01-29,2020,1,29,Wed,0,
2020-01-30,2020,1,30,Thu,0,
2020-01-31,2020,1,31,Fri,0,
2020-02-01,2020,2,1,Sat,1,
2020-02-02,2020,2,2,Sun,1,
2020-02-03,2020,2,3,Mon,0,
2020-02-04,2020,2,4,Tue,0,
2020-02-05,2020,2,5,Wed,0,
2020-02-06,2020,2,6,Thu,0,
2020-02-07,2020,2,7,Fri,0,
2020-02-08,2020,2,8,Sat,1,
2020-02-09,2020,2,9,Sun,1,
2020-02-10,2020,2,10,Mon,0,
2020-02-11,2020,2,11,Tue,1,建国記念日
2020-02-12,2020,2,12,Wed,0,
2020-02-13,2020,2,13,Thu,0,
2020-02-14,2020,2,14,Fri,0,
2020-02-15,2020,2,15,Sat,1,
2020-02-16,2020,2,16,Sun,1,
2020-02-17,2020,2,17,Mon,0,
2020-02-18,2020,2,18,Tue,0,
2020-02-19,2020,2,19,Wed,0,
2020-02-20,2020,2,20,Thu,0,
2020-02-21,2020,2,21,Fri,0,
2020-02-22,2020,2,22,Sat,1,
2020-02-23,2020,2,23,Sun,1,天皇誕生日
2020-02-24,2020,2,24,Mon,1,振替休日
2020-02-25,2020,2,25,Tue,0,
2020-02-26,2020,2,26,Wed,0,
2020-02-27,2020,2,27,Thu,0,
2020-02-28,2020,2,28,Fri,0,
2020-02-29,2020,2,29,Sat,1,
2020-03-01,2020,3,1,Sun,1,
2020-03-02,2020,3,2,Mon,0,
2020-03-03,2020,3,3,Tue,0,
2020-03-04,2020,3,4,Wed,0,
2020-03-05,2020,3,5,Thu,0,
2020-03-06,2020,3,6,Fri,0,
2020-03-07,2020,3,7,Sat,1,
2020-03-08,2020,3,8,Sun,1,
2020-03-09,2020,3,9,Mon,0,
2020-03-10,2020,3,10,Tue,0,
2020-03-11,2020,3,11,Wed,0,
2020-03-12,2020,3,12,Thu,0,
2020-03-13,2020,3,13,Fri,0,
2020-03-14,2020,3,14,Sat,1,
2020-03-15,2020,3,15,Sun,1,
2020-03-16,2020,3,16,Mon,0,
2020-03-17,2020,3,17,Tue,0,
2020-03-18,2020,3,18,Wed,0,
2020-03-19,2020,3,19,Thu,0,
2020-03-20,2020,3,20,Fri,1,春分の日
2020-03-21,2020,3,21,Sat,1,
2020-03-22,2020,3,22,Sun,1,
2020-03-23,2020,3,23,Mon,0,
2020-03-24,2020,3,24,Tue,0,
2020-03-25,2020,3,25,Wed,0,
2020-03-26,2020,3,26,Thu,0,
2020-03-27,2020,3,27,Fri,0,
2020-03-28,2020,3,28,Sat,1,
2020-03-29,2020,3,29,Sun,1,
2020-03-30,2020,3,30,Mon,0,
2020-03-31,2020,3,31,Tue,0,
2020-04-01,2020,4,1,Wed,0,
2020-04-02,2020,4,2,Thu,0,
2020-04-03,2020,4,3,Fri,0,
2020-04-04,2020,4,4,Sat,1,
2020-04-05,2020,4,5,Sun,1,
2020-04-06,2020,4,6,Mon,0,
2020-04-07,2020,4,7,Tue,0,
2020-04-08,2020,4,8,Wed,0,
2020-04-09,2020,4,9,Thu,0,
2020-04-10,2020,4,10,Fri,0,
2020-04-11,2020,4,11,Sat,1,
2020-04-12,2020,4,12,Sun,1,
2020-04-13,2020,4,13,Mon,0,
2020-04-14,2020,4,14,Tue,0,
2020-04-15,2020,4,15,Wed,0,
2020-04-16,2020,4,16,Thu,0,
2020-04-17,2020,4,17,Fri,0,
2020-04-18,2020,4,18,Sat,1,
2020-04-19,2020,4,19,Sun,1,
2020-04-20,2020,4,20,Mon,0,
2020-04-21,2020,4,21,Tue,0,
2020-04-22,2020,4,22,Wed,0,
2020-04-23,2020,4,23,Thu,0,
2020-04-24,2020,4,24,Fri,0,
2020-04-25,2020,4,25,Sat,1,
2020-04-26,2020,4,26,Sun,1,
2020-04-27,2020,4,27,Mon,0,
2020-04-28,2020,4,28,Tue,0,
2020-04-29,2020,4,29,Wed,1,昭和の日
2020-04-30,2020,4,30,Thu,0,
2020-05-01,2020,5,1,Fri,0,
2020-05-02,2020,5,2,Sat,1,
2020-05-03,2020,5,3,Sun,1,憲法記念日
2020-05-04,2020,5,4,Mon,1,みどりの日
2020-05-05,2020,5,5,Tue,1,こどもの日
2020-05-06,2020,5,6,Wed,1,振替休日
2020-05-07,2020,5,7,Thu,0,
2020-05-08,2020,5,8,Fri,0,
2020-05-09,2020,5,9,Sat,1,
2020-05-10,2020,5,10,Sun,1,
2020-05-11,2020,5,11,Mon,0,
2020-05-12,2020,5,12,Tue,0,
2020-05-13,2020,5,13,Wed,0,
2020-05-14,2020,5,14,Thu,0,
2020-05-15,2020,5,15,Fri,0,
2020-05-16,2020,5,16,Sat,1,
2020-05-17,2020,5,17,Sun,1,
2020-05-18,2020,5,18,Mon,0,
2020-05-19,2020,5,19,Tue,0,
2020-05-20,2020,5,20,Wed,0,
2020-05-21,2020,5,21,Thu,0,
2020-05-22,2020,5,22,Fri,0,
2020-05-23,2020,5,23,Sat,1,
2020-05-24,2020,5,24,Sun,1,
2020-05-25,2020,5,25,Mon,0,
2020-05-26,2020,5,26,Tue,0,
2020-05-27,2020,5,27,Wed,0,
2020-05-28,2020,5,28,Thu,0,
2020-05-29,2020,5,29,Fri,0,
2020-05-30,2020,5,30,Sat,1,
2020-05-31,2020,5,31,Sun,1,
2020-06-01,2020,6,1,Mon,0,
2020-06-02,2020,6,2,Tue,0,
2020-06-03,2020,6,3,Wed,0,
2020-06-04,2020,6,4,Thu,0,
2020-06-05,2020,6,5,Fri,0,
2020-06-06,2020,6,6,Sat,1,
2020-06-07,2020,6,7,Sun,1,
2020-06-08,2020,6,8,Mon,0,
2020-06-09,2020,6,9,Tue,0,
2020-06-10,2020,6,10,Wed,0,
2020-06-11,2020,6,11,Thu,0,
2020-06-12,2020,6,12,Fri,0,
2020-06-13,2020,6,13,Sat,1,
2020-06-14,2020,6,14,Sun,1,
2020-06-15,2020,6,15,Mon,0,
2020-06-16,2020,6,16,Tue,0,
2020-06-17,2020,6,17,Wed,0,
2020-06-18,2020,6,18,Thu,0,
2020-06-19,2020,6,19,Fri,0,
2020-06-20,2020,6,20,Sat,1,
2020-06-21,2020,6,21,Sun,1,
2020-06-22,2020,6,22,Mon,0,
2020-06-23,2020,6,23,Tue,0,
2020-06-24,2020,6,24,Wed,0,
2020-06-25,2020,6,25,Thu,0,
2020-06-26,2020,6,26,Fri,0,
2020-06-27,2020,6,27,Sat,1,
2020-06-28,2020,6,28,Sun,1,
2020-06-29,2020,6,29,Mon,0,
2020-06-30,2020,6,30,Tue,0,
2020-07-01,2020,7,1,Wed,0,
2020-07-02,2020,7,2,Thu,0,
2020-07-03,2020,7,3,Fri,0,
2020-07-04,2020,7,4,Sat,1,
2020-07-05,2020,7,5,Sun,1,
2020-07-06,2020,7,6,Mon,0,
2020-07-07,2020,7,7,Tue,0,
2020-07-08,2020,7,8,Wed,0,
2020-07-09,2020,7,9,Thu,0,
2020-07-10,2020,7,10,Fri,0,
2020-07-11,2020,7,11,Sat,1,
2020-07-12,2020,7,12,Sun,1,
2020-07-13,2020,7,13,Mon,0,
2020-07-14,2020,7,14,Tue,0,
2020-07-15,2020,7,15,Wed,0,
2020-07-16,2020,7,16,Thu,0,
2020-07-17,2020,7,17,Fri,0,
2020-07-18,2020,7,18,Sat,1,
2020-07-19,2020,7,19,Sun,1,
2020-07-20,2020,7,20,Mon,0,
2020-07-21,2020,7,21,Tue,0,
2020-07-22,2020,7,22,Wed,0,
2020-07-23,2020,7,23,Thu,1,海の日
2020-07-24,2020,7,24,Fri,1,スポーツの日
2020-07-25,2020,7,25,Sat,1,
2020-07-26,2020,7,26,Sun,1,
2020-07-27,2020,7,27,Mon,0,
2020-07-28,2020,7,28,Tue,0,
2020-07-29,2020,7,29,Wed,0,
2020-07-30,2020,7,30,Thu,0,
2020-07-31,2020,7,31,Fri,0,
2020-08-01,2020,8,1,Sat,1,
2020-08-02,2020,8,2,Sun,1,
2020-08-03,2020,8,3,Mon,0,
2020-08-04,2020,8,4,Tue,0,
2020-08-05,2020,8,5,Wed,0,
2020-08-06,2020,8,6,Thu,0,
2020-08-07,2020,8,7,Fri,0,
2020-08-08,2020,8,8,Sat,1,
2020-08-09,2020,8,9,Sun,1,
2020-08-10,2020,8,10,Mon,1,山の日
2020-08-11,2020,8,11,Tue,0,
2020-08-12,2020,8,12,Wed,0,
2020-08-13,2020,8,13,Thu,0,
2020-08-14,2020,8,14,Fri,0,
2020-08-15,2020,8,15,Sat,1,
2020-08-16,2020,8,16,Sun,1,
2020-08-17,2020,8,17,Mon,0,
2020-08-18,2020,8,18,Tue,0,
2020-08-19,2020,8,19,Wed,0,
2020-08-20,2020,8,20,Thu,0,
2020-08-21,2020,8,21,Fri,0,
2020-08-22,2020,8,22,Sat,1,
2020-08-23,2020,8,23,Sun,1,
2020-08-24,2020,8,24,Mon,0,
2020-08-25,2020,8,25,Tue,0,
2020-08-26,2020,8,26,Wed,0,
2020-08-27,2020,8,27,Thu,0,
2020-08-28,2020,8,28,Fri,0,
2020-08-29,2020,8,29,Sat,1,
2020-08-30,2020,8,30,Sun,1,
2020-08-31,2020,8,31,Mon,0,
2020-09-01,2020,9,1,Tue,0,
2020-09-02,2020,9,2,Wed,0,
2020-09-03,2020,9,3,Thu,0,
2020-09-04,2020,9,4,Fri,0,
2020-09-05,2020,9,5,Sat,1,
2020-09-06,2020,9,6,Sun,1,
2020-09-07,2020,9,7,Mon,0,
2020-09-08,2020,9,8,Tue,0,
2020-09-09,2020,9,9,Wed,0,
2020-09-10,2020,9,10,Thu,0,
2020-09-11,2020,9,11,Fri,0,
2020-09-12,2020,9,12,Sat,1,
2020-09-13,2020,9,13,Sun,1,
2020-09-14,2020,9,14,Mon,0,
2020-09-15,2020,9,15,Tue,0,
2020-09-16,2020,9,16,Wed,0,
2020-09-17,2020,9,17,Thu,0,
2020-09-18,2020,9,18,Fri,0,
2020-09-19,2020,9,19,Sat,1,
2020-09-20,2020,9,20,Sun,1,
2020-09-21,2020,9,21,Mon,1,敬老の日
2020-09-22,2020,9,22,Tue,1,秋分の日
2020-09-23,2020,9,23,Wed,0,
2020-09-24,2020,9,24,Thu,0,
2020-09-25,2020,9,25,Fri,0,
2020-09-26,2020,9,26,Sat,1,
2020-09-27,2020,9,27,Sun,1,
2020-09-28,2020,9,28,Mon,0,
2020-09-29,2020,9,29,Tue,0,
2020-09-30,2020,9,30,Wed,0,
2020-10-01,2020,10,1,Thu,0,
2020-10-02,2020,10,2,Fri,0,
2020-10-03,2020,10,3,Sat,1,
2020-10-04,2020,10,4,Sun,1,
2020-10-05,2020,10,5,Mon,0,
2020-10-06,2020,10,6,Tue,0,
2020-10-07,2020,10,7,Wed,0,
2020-10-08,2020,10,8,Thu,0,
2020-10-09,2020,10,9,Fri,0,
2020-10-10,2020,10,10,Sat,1,
2020-10-11,2020,10,11,Sun,1,
2020-10-12,2020,10,12,Mon,1,スポーツの日
2020-10-13,2020,10,13,Tue,0,
2020-10-14,2020,10,14,Wed,0,
2020-10-15,2020,10,15,Thu,0,
2020-10-16,2020,10,16,Fri,0,
2020-10-17,2020,10,17,Sat,1,
2020-10-18,2020,10,18,Sun,1,
2020-10-19,2020,10,19,Mon,0,
2020-10-20,2020,10,20,Tue,0,
2020-10-21,2020,10,21,Wed,0,
2020-10-22,2020,10,22,Thu,0,
2020-10-23,2020,10,23,Fri,0,
2020-10-24,2020,10,24,Sat,1,
2020-10-25,2020,10,25,Sun,1,
2020-10-26,2020,10,26,Mon,0,
2020-10-27,2020,10,27,Tue,0,
2020-10-28,2020,10,28,Wed,0,
2020-10-29,2020,10,29,Thu,0,
2020-10-30,2020,10,30,Fri,0,
2020-10-31,2020,10,31,Sat,1,
2020-11-01,2020,11,1,Sun,1,
2020-11-02,2020,11,2,Mon,0,
2020-11-03,2020,11,3,Tue,1,文化の日
2020-11-04,2020,11,4,Wed,0,
2020-11-05,2020,11,5,Thu,0,
2020-11-06,2020,11,6,Fri,0,
2020-11-07,2020,11,7,Sat,1,
2020-11-08,2020,11,8,Sun,1,
2020-11-09,2020,11,9,Mon,0,
2020-11-10,2020,11,10,Tue,0,
2020-11-11,2020,11,11,Wed,0,
2020-11-12,2020,11,12,Thu,0,
2020-11-13,2020,11,13,Fri,0,
2020-11-14,2020,11,14,Sat,1,
2020-11-15,2020,11,15,Sun,1,
2020-11-16,2020,11,16,Mon,0,
2020-11-17,2020,11,17,Tue,0,
2020-11-18,2020,11,18,Wed,0,
2020-11-19,2020,11,19,Thu,0,
2020-11-20,2020,11,20,Fri,0,
2020-11-21,2020,11,21,Sat,1,
2020-11-22,2020,11,22,Sun,1,
2020-11-23,2020,11,23,Mon,1,勤労感謝の日
2020-11-24,2020,11,24,Tue,0,
2020-11-25,2020,11,25,Wed,0,
2020-11-26,2020,11,26,Thu,0,
2020-11-27,2020,11,27,Fri,0,
2020-11-28,2020,11,28,Sat,1,
2020-11-29,2020,11,29,Sun,1,
2020-11-30,2020,11,30,Mon,0,
2020-12-01,2020,12,1,Tue,0,
2020-12-02,2020,12,2,Wed,0,
2020-12-03,2020,12,3,Thu,0,
2020-12-04,2020,12,4,Fri,0,
2020-12-05,2020,12,5,Sat,1,
2020-12-06,2020,12,6,Sun,1,
2020-12-07,2020,12,7,Mon,0,
2020-12-08,2020,12,8,Tue,0,
2020-12-09,2020,12,9,Wed,0,
2020-12-10,2020,12,10,Thu,0,
2020-12-11,2020,12,11,Fri,0,
2020-12-12,2020,12,12,Sat,1,
2020-12-13,2020,12,13,Sun,1,
2020-12-14,2020,12,14,Mon,0,
2020-12-15,2020,12,15,Tue,0,
2020-12-16,2020,12,16,Wed,0,
2020-12-17,2020,12,17,Thu,0,
2020-12-18,2020,12,18,Fri,0,
2020-12-19,2020,12,19,Sat,1,
2020-12-20,2020,12,20,Sun,1,
2020-12-21,2020,12,21,Mon,0,
2020-12-22,2020,12,22,Tue,0,
2020-12-23,2020,12,23,Wed,0,
2020-12-24,2020,12,24,Thu,0,
2020-12-25,2020,12,25,Fri,0,
2020-12-26,2020,12,26,Sat,1,
2020-12-27,2020,12,27,Sun,1,
2020-12-28,2020,12,28,Mon,0,
2020-12-29,2020,12,29,Tue,0,
2020-12-30,2020,12,30,Wed,0,
2020-12-31,2020,12,31,Thu,0,
2021-01-01,2021,1,1,Fri,0,
2021-01-02,2021,1,2,Sat,1,
2021-01-03,2021,1,3,Sun,1,
2021-01-04,2021,1,4,Mon,0,
2021-01-05,2021,1,5,Tue,0,
2021-01-06,2021,1,6,Wed,0,
2021-01-07,2021,1,7,Thu,0,
2021-01-08,2021,1,8,Fri,0,
2021-01-09,2021,1,9,Sat,1,
2021-01-10,2021,1,10,Sun,1,
2021-01-11,2021,1,11,Mon,1,成人の日
2021-01-12,2021,1,12,Tue,0,
2021-01-13,2021,1,13,Wed,0,
2021-01-14,2021,1,14,Thu,0,
2021-01-15,2021,1,15,Fri,0,
2021-01-16,2021,1,16,Sat,1,
2021-01-17,2021,1,17,Sun,1,
2021-01-18,2021,1,18,Mon,0,
2021-01-19,2021,1,19,Tue,0,
2021-01-20,2021,1,20,Wed,0,
2021-01-21,2021,1,21,Thu,0,
2021-01-22,2021,1,22,Fri,0,
2021-01-23,2021,1,23,Sat,1,
2021-01-24,2021,1,24,Sun,1,
2021-01-25,2021,1,25,Mon,0,
2021-01-26,2021,1,26,Tue,0,
2021-01-27,2021,1,27,Wed,0,
2021-01-28,2021,1,28,Thu,0,
2021-01-29,2021,1,29,Fri,0,
2021-01-30,2021,1,30,Sat,1,
2021-01-31,2021,1,31,Sun,1,
2021-02-01,2021,2,1,Mon,0,
2021-02-02,2021,2,2,Tue,0,
2021-02-03,2021,2,3,Wed,0,
2021-02-04,2021,2,4,Thu,0,
2021-02-05,2021,2,5,Fri,0,
2021-02-06,2021,2,6,Sat,1,
2021-02-07,2021,2,7,Sun,1,
2021-02-08,2021,2,8,Mon,0,
2021-02-09,2021,2,9,Tue,0,
2021-02-10,2021,2,10,Wed,0,
2021-02-11,2021,2,11,Thu,1,建国記念の日
2021-02-12,2021,2,12,Fri,0,
2021-02-13,2021,2,13,Sat,1,
2021-02-14,2021,2,14,Sun,1,
2021-02-15,2021,2,15,Mon,0,
2021-02-16,2021,2,16,Tue,0,
2021-02-17,2021,2,17,Wed,0,
2021-02-18,2021,2,18,Thu,0,
2021-02-19,2021,2,19,Fri,0,
2021-02-20,2021,2,20,Sat,1,
2021-02-21,2021,2,21,Sun,1,
2021-02-22,2021,2,22,Mon,0,
2021-02-23,2021,2,23,Tue,1,天皇誕生日
2021-02-24,2021,2,24,Wed,0,
2021-02-25,2021,2,25,Thu,0,
2021-02-26,2021,2,26,Fri,0,
2021-02-27,2021,2,27,Sat,1,
2021-02-28,2021,2,28,Sun,1,
2021-03-01,2021,3,1,Mon,0,
2021-03-02,2021,3,2,Tue,0,
2021-03-03,2021,3,3,Wed,0,
2021-03-04,2021,3,4,Thu,0,
2021-03-05,2021,3,5,Fri,0,
2021-03-06,2021,3,6,Sat,1,
2021-03-07,2021,3,7,Sun,1,
2021-03-08,2021,3,8,Mon,0,
2021-03-09,2021,3,9,Tue,0,
2021-03-10,2021,3,10,Wed,0,
2021-03-11,2021,3,11,Thu,0,
2021-03-12,2021,3,12,Fri,0,
2021-03-13,2021,3,13,Sat,1,
2021-03-14,2021,3,14,Sun,1,
2021-03-15,2021,3,15,Mon,0,
2021-03-16,2021,3,16,Tue,0,
2021-03-17,2021,3,17,Wed,0,
2021-03-18,2021,3,18,Thu,0,
2021-03-19,2021,3,19,Fri,0,
2021-03-20,2021,3,20,Sat,1,春分の日
2021-03-21,2021,3,21,Sun,1,
2021-03-22,2021,3,22,Mon,0,
2021-03-23,2021,3,23,Tue,0,
2021-03-24,2021,3,24,Wed,0,
2021-03-25,2021,3,25,Thu,0,
2021-03-26,2021,3,26,Fri,0,
2021-03-27,2021,3,27,Sat,1,
2021-03-28,2021,3,28,Sun,1,
2021-03-29,2021,3,29,Mon,0,
2021-03-30,2021,3,30,Tue,0,
2021-03-31,2021,3,31,Wed,0,
2021-04-01,2021,4,1,Thu,0,
2021-04-02,2021,4,2,Fri,0,
2021-04-03,2021,4,3,Sat,1,
2021-04-04,2021,4,4,Sun,1,
2021-04-05,2021,4,5,Mon,0,
2021-04-06,2021,4,6,Tue,0,
2021-04-07,2021,4,7,Wed,0,
2021-04-08,2021,4,8,Thu,0,
2021-04-09,2021,4,9,Fri,0,
2021-04-10,2021,4,10,Sat,1,
2021-04-11,2021,4,11,Sun,1,
2021-04-12,2021,4,12,Mon,0,
2021-04-13,2021,4,13,Tue,0,
2021-04-14,2021,4,14,Wed,0,
2021-04-15,2021,4,15,Thu,0,
2021-04-16,2021,4,16,Fri,0,
2021-04-17,2021,4,17,Sat,1,
2021-04-18,2021,4,18,Sun,1,
2021-04-19,2021,4,19,Mon,0,
2021-04-20,2021,4,20,Tue,0,
2021-04-21,2021,4,21,Wed,0,
2021-04-22,2021,4,22,Thu,0,
2021-04-23,2021,4,23,Fri,0,
2021-04-24,2021,4,24,Sat,1,
2021-04-25,2021,4,25,Sun,1,
2021-04-26,2021,4,26,Mon,0,
2021-04-27,2021,4,27,Tue,0,
2021-04-28,2021,4,28,Wed,0,
2021-04-29,2021,4,29,Thu,1,昭和の日
2021-04-30,2021,4,30,Fri,0,
2021-05-01,2021,5,1,Sat,1,
2021-05-02,2021,5,2,Sun,1,
2021-05-03,2021,5,3,Mon,1,憲法記念日
2021-05-04,2021,5,4,Tue,1,みどりの日
2021-05-05,2021,5,5,Wed,1,こどもの日
2021-05-06,2021,5,6,Thu,0,
2021-05-07,2021,5,7,Fri,0,
2021-05-08,2021,5,8,Sat,1,
2021-05-09,2021,5,9,Sun,1,
2021-05-10,2021,5,10,Mon,0,
2021-05-11,2021,5,11,Tue,0,
2021-05-12,2021,5,12,Wed,0,
2021-05-13,2021,5,13,Thu,0,
2021-05-14,2021,5,14,Fri,0,
2021-05-15,2021,5,15,Sat,1,
2021-05-16,2021,5,16,Sun,1,
2021-05-17,2021,5,17,Mon,0,
2021-05-18,2021,5,18,Tue,0,
2021-05-19,2021,5,19,Wed,0,
2021-05-20,2021,5,20,Thu,0,
2021-05-21,2021,5,21,Fri,0,
2021-05-22,2021,5,22,Sat,1,
2021-05-23,2021,5,23,Sun,1,
2021-05-24,2021,5,24,Mon,0,
2021-05-25,2021,5,25,Tue,0,
2021-05-26,2021,5,26,Wed,0,
2021-05-27,2021,5,27,Thu,0,
2021-05-28,2021,5,28,Fri,0,
2021-05-29,2021,5,29,Sat,1,
2021-05-30,2021,5,30,Sun,1,
2021-05-31,2021,5,31,Mon,0,
2021-06-01,2021,6,1,Tue,0,
2021-06-02,2021,6,2,Wed,0,
2021-06-03,2021,6,3,Thu,0,
2021-06-04,2021,6,4,Fri,0,
2021-06-05,2021,6,5,Sat,1,
2021-06-06,2021,6,6,Sun,1,
2021-06-07,2021,6,7,Mon,0,
2021-06-08,2021,6,8,Tue,0,
2021-06-09,2021,6,9,Wed,0,
2021-06-10,2021,6,10,Thu,0,
2021-06-11,2021,6,11,Fri,0,
2021-06-12,2021,6,12,Sat,1,
2021-06-13,2021,6,13,Sun,1,
2021-06-14,2021,6,14,Mon,0,
2021-06-15,2021,6,15,Tue,0,
2021-06-16,2021,6,16,Wed,0,
2021-06-17,2021,6,17,Thu,0,
2021-06-18,2021,6,18,Fri,0,
2021-06-19,2021,6,19,Sat,1,
2021-06-20,2021,6,20,Sun,1,
2021-06-21,2021,6,21,Mon,0,
2021-06-22,2021,6,22,Tue,0,
2021-06-23,2021,6,23,Wed,0,
2021-06-24,2021,6,24,Thu,0,
2021-06-25,2021,6,25,Fri,0,
2021-06-26,2021,6,26,Sat,1,
2021-06-27,2021,6,27,Sun,1,
2021-06-28,2021,6,28,Mon,0,
2021-06-29,2021,6,29,Tue,0,
2021-06-30,2021,6,30,Wed,0,
2021-07-01,2021,7,1,Thu,0,
2021-07-02,2021,7,2,Fri,0,
2021-07-03,2021,7,3,Sat,1,
2021-07-04,2021,7,4,Sun,1,
2021-07-05,2021,7,5,Mon,0,
2021-07-06,2021,7,6,Tue,0,
2021-07-07,2021,7,7,Wed,0,
2021-07-08,2021,7,8,Thu,0,
2021-07-09,2021,7,9,Fri,0,
2021-07-10,2021,7,10,Sat,1,
2021-07-11,2021,7,11,Sun,1,
2021-07-12,2021,7,12,Mon,0,
2021-07-13,2021,7,13,Tue,0,
2021-07-14,2021,7,14,Wed,0,
2021-07-15,2021,7,15,Thu,0,
2021-07-16,2021,7,16,Fri,0,
2021-07-17,2021,7,17,Sat,1,
2021-07-18,2021,7,18,Sun,1,
2021-07-19,2021,7,19,Mon,1,海の日
2021-07-20,2021,7,20,Tue,0,
2021-07-21,2021,7,21,Wed,0,
2021-07-22,2021,7,22,Thu,0,
2021-07-23,2021,7,23,Fri,0,
2021-07-24,2021,7,24,Sat,1,
2021-07-25,2021,7,25,Sun,1,
2021-07-26,2021,7,26,Mon,0,
2021-07-27,2021,7,27,Tue,0,
2021-07-28,2021,7,28,Wed,0,
2021-07-29,2021,7,29,Thu,0,
2021-07-30,2021,7,30,Fri,0,
2021-07-31,2021,7,31,Sat,1,
2021-08-01,2021,8,1,Sun,1,
2021-08-02,2021,8,2,Mon,0,
2021-08-03,2021,8,3,Tue,0,
2021-08-04,2021,8,4,Wed,0,
2021-08-05,2021,8,5,Thu,0,
2021-08-06,2021,8,6,Fri,0,
2021-08-07,2021,8,7,Sat,1,
2021-08-08,2021,8,8,Sun,1,
2021-08-09,2021,8,9,Mon,0,
2021-08-10,2021,8,10,Tue,0,
2021-08-11,2021,8,11,Wed,1,山の日
2021-08-12,2021,8,12,Thu,0,
2021-08-13,2021,8,13,Fri,0,
2021-08-14,2021,8,14,Sat,1,
2021-08-15,2021,8,15,Sun,1,
2021-08-16,2021,8,16,Mon,0,
2021-08-17,2021,8,17,Tue,0,
2021-08-18,2021,8,18,Wed,0,
2021-08-19,2021,8,19,Thu,0,
2021-08-20,2021,8,20,Fri,0,
2021-08-21,2021,8,21,Sat,1,
2021-08-22,2021,8,22,Sun,1,
2021-08-23,2021,8,23,Mon,0,
2021-08-24,2021,8,24,Tue,0,
2021-08-25,2021,8,25,Wed,0,
2021-08-26,2021,8,26,Thu,0,
2021-08-27,2021,8,27,Fri,0,
2021-08-28,2021,8,28,Sat,1,
2021-08-29,2021,8,29,Sun,1,
2021-08-30,2021,8,30,Mon,0,
2021-08-31,2021,8,31,Tue,0,
2021-09-01,2021,9,1,Wed,0,
2021-09-02,2021,9,2,Thu,0,
2021-09-03,2021,9,3,Fri,0,
2021-09-04,2021,9,4,Sat,1,
2021-09-05,2021,9,5,Sun,1,
2021-09-06,2021,9,6,Mon,0,
2021-09-07,2021,9,7,Tue,0,
2021-09-08,2021,9,8,Wed,0,
2021-09-09,2021,9,9,Thu,0,
2021-09-10,2021,9,10,Fri,0,
2021-09-11,2021,9,11,Sat,1,
2021-09-12,2021,9,12,Sun,1,
2021-09-13,2021,9,13,Mon,0,
2021-09-14,2021,9,14,Tue,0,
2021-09-15,2021,9,15,Wed,0,
2021-09-16,2021,9,16,Thu,0,
2021-09-17,2021,9,17,Fri,0,
2021-09-18,2021,9,18,Sat,1,
2021-09-19,2021,9,19,Sun,1,
2021-09-20,2021,9,20,Mon,1,敬老の日
2021-09-21,2021,9,21,Tue,0,
2021-09-22,2021,9,22,Wed,0,
2021-09-23,2021,9,23,Thu,1,秋分の日
2021-09-24,2021,9,24,Fri,0,
2021-09-25,2021,9,25,Sat,1,
2021-09-26,2021,9,26,Sun,1,
2021-09-27,2021,9,27,Mon,0,
2021-09-28,2021,9,28,Tue,0,
2021-09-29,2021,9,29,Wed,0,
2021-09-30,2021,9,30,Thu,0,
2021-10-01,2021,10,1,Fri,0,
2021-10-02,2021,10,2,Sat,1,
2021-10-03,2021,10,3,Sun,1,
2021-10-04,2021,10,4,Mon,0,
2021-10-05,2021,10,5,Tue,0,
2021-10-06,2021,10,6,Wed,0,
2021-10-07,2021,10,7,Thu,0,
2021-10-08,2021,10,8,Fri,0,
2021-10-09,2021,10,9,Sat,1,
2021-10-10,2021,10,10,Sun,1,
2021-10-11,2021,10,11,Mon,1,スポーツの日
2021-10-12,2021,10,12,Tue,0,
2021-10-13,2021,10,13,Wed,0,
2021-10-14,2021,10,14,Thu,0,
2021-10-15,2021,10,15,Fri,0,
2021-10-16,2021,10,16,Sat,1,
2021-10-17,2021,10,17,Sun,1,
2021-10-18,2021,10,18,Mon,0,
2021-10-19,2021,10,19,Tue,0,
2021-10-20,2021,10,20,Wed,0,
2021-10-21,2021,10,21,Thu,0,
2021-10-22,2021,10,22,Fri,0,
2021-10-23,2021,10,23,Sat,1,
2021-10-24,2021,10,24,Sun,1,
2021-10-25,2021,10,25,Mon,0,
2021-10-26,2021,10,26,Tue,0,
2021-10-27,2021,10,27,Wed,0,
2021-10-28,2021,10,28,Thu,0,
2021-10-29,2021,10,29,Fri,0,
2021-10-30,2021,10,30,Sat,1,
2021-10-31,2021,10,31,Sun,1,
2021-11-01,2021,11,1,Mon,0,
2021-11-02,2021,11,2,Tue,0,
2021-11-03,2021,11,3,Wed,1,文化の日
2021-11-04,2021,11,4,Thu,0,
2021-11-05,2021,11,5,Fri,0,
2021-11-06,2021,11,6,Sat,1,
2021-11-07,2021,11,7,Sun,1,
2021-11-08,2021,11,8,Mon,0,
2021-11-09,2021,11,9,Tue,0,
2021-11-10,2021,11,10,Wed,0,
2021-11-11,2021,11,11,Thu,0,
2021-11-12,2021,11,12,Fri,0,
2021-11-13,2021,11,13,Sat,1,
2021-11-14,2021,11,14,Sun,1,
2021-11-15,2021,11,15,Mon,0,
2021-11-16,2021,11,16,Tue,0,
2021-11-17,2021,11,17,Wed,0,
2021-11-18,2021,11,18,Thu,0,
2021-11-19,2021,11,19,Fri,0,
2021-11-20,2021,11,20,Sat,1,
2021-11-21,2021,11,21,Sun,1,
2021-11-22,2021,11,22,Mon,0,
2021-11-23,2021,11,23,Tue,1,勤労感謝の日
2021-11-24,2021,11,24,Wed,0,
2021-11-25,2021,11,25,Thu,0,
2021-11-26,2021,11,26,Fri,0,
2021-11-27,2021,11,27,Sat,1,
2021-11-28,2021,11,28,Sun,1,
2021-11-29,2021,11,29,Mon,0,
2021-11-30,2021,11,30,Tue,0,
2021-12-01,2021,12,1,Wed,0,
2021-12-02,2021,12,2,Thu,0,
2021-12-03,2021,12,3,Fri,0,
2021-12-04,2021,12,4,Sat,1,
2021-12-05,2021,12,5,Sun,1,
2021-12-06,2021,12,6,Mon,0,
2021-12-07,2021,12,7,Tue,0,
2021-12-08,2021,12,8,Wed,0,
2021-12-09,2021,12,9,Thu,0,
2021-12-10,2021,12,10,Fri,0,
2021-12-11,2021,12,11,Sat,1,
2021-12-12,2021,12,12,Sun,1,
2021-12-13,2021,12,13,Mon,0,
2021-12-14,2021,12,14,Tue,0,
2021-12-15,2021,12,15,Wed,0,
2021-12-16,2021,12,16,Thu,0,
2021-12-17,2021,12,17,Fri,0,
2021-12-18,2021,12,18,Sat,1,
2021-12-19,2021,12,19,Sun,1,
2021-12-20,2021,12,20,Mon,0,
2021-12-21,2021,12,21,Tue,0,
2021-12-22,2021,12,22,Wed,0,
2021-12-23,2021,12,23,Thu,0,
2021-12-24,2021,12,24,Fri,0,
2021-12-25,2021,12,25,Sat,1,
2021-12-26,2021,12,26,Sun,1,
2021-12-27,2021,12,27,Mon,0,
2021-12-28,2021,12,28,Tue,0,
2021-12-29,2021,12,29,Wed,0,
2021-12-30,2021,12,30,Thu,0,
2021-12-31,2021,12,31,Fri,0,
2022-01-01,2022,1,1,Sat,1,元日
2022-01-02,2022,1,2,Sun,1,
2022-01-03,2022,1,3,Mon,0,
2022-01-04,2022,1,4,Tue,0,
2022-01-05,2022,1,5,Wed,0,
2022-01-06,2022,1,6,Thu,0,
2022-01-07,2022,1,7,Fri,0,
2022-01-08,2022,1,8,Sat,1,
2022-01-09,2022,1,9,Sun,1,
2022-01-10,2022,1,10,Mon,1,成人の日
2022-01-11,2022,1,11,Tue,0,
2022-01-12,2022,1,12,Wed,0,
2022-01-13,2022,1,13,Thu,0,
2022-01-14,2022,1,14,Fri,0,
2022-01-15,2022,1,15,Sat,1,
2022-01-16,2022,1,16,Sun,1,
2022-01-17,2022,1,17,Mon,0,
2022-01-18,2022,1,18,Tue,0,
2022-01-19,2022,1,19,Wed,0,
2022-01-20,2022,1,20,Thu,0,
2022-01-21,2022,1,21,Fri,0,
2022-01-22,2022,1,22,Sat,1,
2022-01-23,2022,1,23,Sun,1,
2022-01-24,2022,1,24,Mon,0,
2022-01-25,2022,1,25,Tue,0,
2022-01-26,2022,1,26,Wed,0,
2022-01-27,2022,1,27,Thu,0,
2022-01-28,2022,1,28,Fri,0,
2022-01-29,2022,1,29,Sat,1,
2022-01-30,2022,1,30,Sun,1,
2022-01-31,2022,1,31,Mon,0,
2022-02-01,2022,2,1,Tue,0,
2022-02-02,2022,2,2,Wed,0,
2022-02-03,2022,2,3,Thu,0,
2022-02-04,2022,2,4,Fri,0,
2022-02-05,2022,2,5,Sat,1,
2022-02-06,2022,2,6,Sun,1,
2022-02-07,2022,2,7,Mon,0,
2022-02-08,2022,2,8,Tue,0,
2022-02-09,2022,2,9,Wed,0,
2022-02-10,2022,2,10,Thu,0,
2022-02-11,2022,2,11,Fri,1,建国記念の日
2022-02-12,2022,2,12,Sat,1,
2022-02-13,2022,2,13,Sun,1,
2022-02-14,2022,2,14,Mon,0,
2022-02-15,2022,2,15,Tue,0,
2022-02-16,2022,2,16,Wed,0,
2022-02-17,2022,2,17,Thu,0,
2022-02-18,2022,2,18,Fri,0,
2022-02-19,2022,2,19,Sat,1,
2022-02-20,2022,2,20,Sun,1,
2022-02-21,2022,2,21,Mon,0,
2022-02-22,2022,2,22,Tue,0,
2022-02-23,2022,2,23,Wed,1,天皇誕生日
2022-02-24,2022,2,24,Thu,0,
2022-02-25,2022,2,25,Fri,0,
2022-02-26,2022,2,26,Sat,1,
2022-02-27,2022,2,27,Sun,1,
2022-02-28,2022,2,28,Mon,0,
2022-03-01,2022,3,1,Tue,0,
2022-03-02,2022,3,2,Wed,0,
2022-03-03,2022,3,3,Thu,0,
2022-03-04,2022,3,4,Fri,0,
2022-03-05,2022,3,5,Sat,1,
2022-03-06,2022,3,6,Sun,1,
2022-03-07,2022,3,7,Mon,0,
2022-03-08,2022,3,8,Tue,0,
2022-03-09,2022,3,9,Wed,0,
2022-03-10,2022,3,10,Thu,0,
2022-03-11,2022,3,11,Fri,0,
2022-03-12,2022,3,12,Sat,1,
2022-03-13,2022,3,13,Sun,1,
2022-03-14,2022,3,14,Mon,0,
2022-03-15,2022,3,15,Tue,0,
2022-03-16,2022,3,16,Wed,0,
2022-03-17,2022,3,17,Thu,0,
2022-03-18,2022,3,18,Fri,0,
2022-03-19,2022,3,19,Sat,1,
2022-03-20,2022,3,20,Sun,1,
2022-03-21,2022,3,21,Mon,1,春分の日
2022-03-22,2022,3,22,Tue,0,
2022-03-23,2022,3,23,Wed,0,
2022-03-24,2022,3,24,Thu,0,
2022-03-25,2022,3,25,Fri,0,
2022-03-26,2022,3,26,Sat,1,
2022-03-27,2022,3,27,Sun,1,
2022-03-28,2022,3,28,Mon,0,
2022-03-29,2022,3,29,Tue,0,
2022-03-30,2022,3,30,Wed,0,
2022-03-31,2022,3,31,Thu,0,
2022-04-01,2022,4,1,Fri,0,
2022-04-02,2022,4,2,Sat,1,
2022-04-03,2022,4,3,Sun,1,
2022-04-04,2022,4,4,Mon,0,
2022-04-05,2022,4,5,Tue,0,
2022-04-06,2022,4,6,Wed,0,
2022-04-07,2022,4,7,Thu,0,
2022-04-08,2022,4,8,Fri,0,
2022-04-09,2022,4,9,Sat,1,
2022-04-10,2022,4,10,Sun,1,
2022-04-11,2022,4,11,Mon,0,
2022-04-12,2022,4,12,Tue,0,
2022-04-13,2022,4,13,Wed,0,
2022-04-14,2022,4,14,Thu,0,
2022-04-15,2022,4,15,Fri,0,
2022-04-16,2022,4,16,Sat,1,
2022-04-17,2022,4,17,Sun,1,
2022-04-18,2022,4,18,Mon,0,
2022-04-19,2022,4,19,Tue,0,
2022-04-20,2022,4,20,Wed,0,
2022-04-21,2022,4,21,Thu,0,
2022-04-22,2022,4,22,Fri,0,
2022-04-23,2022,4,23,Sat,1,
2022-04-24,2022,4,24,Sun,1,
2022-04-25,2022,4,25,Mon,0,
2022-04-26,2022,4,26,Tue,0,
2022-04-27,2022,4,27,Wed,0,
2022-04-28,2022,4,28,Thu,0,
2022-04-29,2022,4,29,Fri,1,昭和の日
2022-04-30,2022,4,30,Sat,1,
2022-05-01,2022,5,1,Sun,1,
2022-05-02,2022,5,2,Mon,0,
2022-05-03,2022,5,3,Tue,1,憲法記念日
2022-05-04,2022,5,4,Wed,1,みどりの日
2022-05-05,2022,5,5,Thu,1,こどもの日
2022-05-06,2022,5,6,Fri,0,
2022-05-07,2022,5,7,Sat,1,
2022-05-08,2022,5,8,Sun,1,
2022-05-09,2022,5,9,Mon,0,
2022-05-10,2022,5,10,Tue,0,
2022-05-11,2022,5,11,Wed,0,
2022-05-12,2022,5,12,Thu,0,
2022-05-13,2022,5,13,Fri,0,
2022-05-14,2022,5,14,Sat,1,
2022-05-15,2022,5,15,Sun,1,
2022-05-16,2022,5,16,Mon,0,
2022-05-17,2022,5,17,Tue,0,
2022-05-18,2022,5,18,Wed,0,
2022-05-19,2022,5,19,Thu,0,
2022-05-20,2022,5,20,Fri,0,
2022-05-21,2022,5,21,Sat,1,
2022-05-22,2022,5,22,Sun,1,
2022-05-23,2022,5,23,Mon,0,
2022-05-24,2022,5,24,Tue,0,
2022-05-25,2022,5,25,Wed,0,
2022-05-26,2022,5,26,Thu,0,
2022-05-27,2022,5,27,Fri,0,
2022-05-28,2022,5,28,Sat,1,
2022-05-29,2022,5,29,Sun,1,
2022-05-30,2022,5,30,Mon,0,
2022-05-31,2022,5,31,Tue,0,
2022-06-01,2022,6,1,Wed,0,
2022-06-02,2022,6,2,Thu,0,
2022-06-03,2022,6,3,Fri,0,
2022-06-04,2022,6,4,Sat,1,
2022-06-05,2022,6,5,Sun,1,
2022-06-06,2022,6,6,Mon,0,
2022-06-07,2022,6,7,Tue,0,
2022-06-08,2022,6,8,Wed,0,
2022-06-09,2022,6,9,Thu,0,
2022-06-10,2022,6,10,Fri,0,
2022-06-11,2022,6,11,Sat,1,
2022-06-12,2022,6,12,Sun,1,
2022-06-13,2022,6,13,Mon,0,
2022-06-14,2022,6,14,Tue,0,
2022-06-15,2022,6,15,Wed,0,
2022-06-16,2022,6,16,Thu,0,
2022-06-17,2022,6,17,Fri,0,
2022-06-18,2022,6,18,Sat,1,
2022-06-19,2022,6,19,Sun,1,
2022-06-20,2022,6,20,Mon,0,
2022-06-21,2022,6,21,Tue,0,
2022-06-22,2022,6,22,Wed,0,
2022-06-23,2022,6,23,Thu,0,
2022-06-24,2022,6,24,Fri,0,
2022-06-25,2022,6,25,Sat,1,
2022-06-26,2022,6,26,Sun,1,
2022-06-27,2022,6,27,Mon,0,
2022-06-28,2022,6,28,Tue,0,
2022-06-29,2022,6,29,Wed,0,
2022-06-30,2022,6,30,Thu,0,
2022-07-01,2022,7,1,Fri,0,
2022-07-02,2022,7,2,Sat,1,
2022-07-03,2022,7,3,Sun,1,
2022-07-04,2022,7,4,Mon,0,
2022-07-05,2022,7,5,Tue,0,
2022-07-06,2022,7,6,Wed,0,
2022-07-07,2022,7,7,Thu,0,
2022-07-08,2022,7,8,Fri,0,
2022-07-09,2022,7,9,Sat,1,
2022-07-10,2022,7,10,Sun,1,
2022-07-11,2022,7,11,Mon,0,
2022-07-12,2022,7,12,Tue,0,
2022-07-13,2022,7,13,Wed,0,
2022-07-14,2022,7,14,Thu,0,
2022-07-15,2022,7,15,Fri,0,
2022-07-16,2022,7,16,Sat,1,
2022-07-17,2022,7,17,Sun,1,
2022-07-18,2022,7,18,Mon,1,海の日
2022-07-19,2022,7,19,Tue,0,
2022-07-20,2022,7,20,Wed,0,
2022-07-21,2022,7,21,Thu,0,
2022-07-22,2022,7,22,Fri,0,
2022-07-23,2022,7,23,Sat,1,
2022-07-24,2022,7,24,Sun,1,
2022-07-25,2022,7,25,Mon,0,
2022-07-26,2022,7,26,Tue,0,
2022-07-27,2022,7,27,Wed,0,
2022-07-28,2022,7,28,Thu,0,
2022-07-29,2022,7,29,Fri,0,
2022-07-30,2022,7,30,Sat,1,
2022-07-31,2022,7,31,Sun,1,
2022-08-01,2022,8,1,Mon,0,
2022-08-02,2022,8,2,Tue,0,
2022-08-03,2022,8,3,Wed,0,
2022-08-04,2022,8,4,Thu,0,
2022-08-05,2022,8,5,Fri,0,
2022-08-06,2022,8,6,Sat,1,
2022-08-07,2022,8,7,Sun,1,
2022-08-08,2022,8,8,Mon,0,
2022-08-09,2022,8,9,Tue,0,
2022-08-10,2022,8,10,Wed,0,
2022-08-11,2022,8,11,Thu,1,山の日
2022-08-12,2022,8,12,Fri,0,
2022-08-13,2022,8,13,Sat,1,
2022-08-14,2022,8,14,Sun,1,
2022-08-15,2022,8,15,Mon,0,
2022-08-16,2022,8,16,Tue,0,
2022-08-17,2022,8,17,Wed,0,
2022-08-18,2022,8,18,Thu,0,
2022-08-19,2022,8,19,Fri,0,
2022-08-20,2022,8,20,Sat,1,
2022-08-21,2022,8,21,Sun,1,
2022-08-22,2022,8,22,Mon,0,
2022-08-23,2022,8,23,Tue,0,
2022-08-24,2022,8,24,Wed,0,
2022-08-25,2022,8,25,Thu,0,
2022-08-26,2022,8,26,Fri,0,
2022-08-27,2022,8,27,Sat,1,
2022-08-28,2022,8,28,Sun,1,
2022-08-29,2022,8,29,Mon,0,
2022-08-30,2022,8,30,Tue,0,
2022-08-31,2022,8,31,Wed,0,
2022-09-01,2022,9,1,Thu,0,
2022-09-02,2022,9,2,Fri,0,
2022-09-03,2022,9,3,Sat,1,
2022-09-04,2022,9,4,Sun,1,
2022-09-05,2022,9,5,Mon,0,
2022-09-06,2022,9,6,Tue,0,
2022-09-07,2022,9,7,Wed,0,
2022-09-08,2022,9,8,Thu,0,
2022-09-09,2022,9,9,Fri,0,
2022-09-10,2022,9,10,Sat,1,
2022-09-11,2022,9,11,Sun,1,
2022-09-12,2022,9,12,Mon,0,
2022-09-13,2022,9,13,Tue,0,
2022-09-14,2022,9,14,Wed,0,
2022-09-15,2022,9,15,Thu,0,
2022-09-16,2022,9,16,Fri,0,
2022-09-17,2022,9,17,Sat,1,
2022-09-18,2022,9,18,Sun,1,
2022-09-19,2022,9,19,Mon,1,敬老の日
2022-09-20,2022,9,20,Tue,0,
2022-09-21,2022,9,21,Wed,0,
2022-09-22,2022,9,22,Thu,0,
2022-09-23,2022,9,23,Fri,1,秋分の日
2022-09-24,2022,9,24,Sat,1,
2022-09-25,2022,9,25,Sun,1,
2022-09-26,2022,9,26,Mon,0,
2022-09-27,2022,9,27,Tue,0,
2022-09-28,2022,9,28,Wed,0,
2022-09-29,2022,9,29,Thu,0,
2022-09-30,2022,9,30,Fri,0,
2022-10-01,2022,10,1,Sat,1,
2022-10-02,2022,10,2,Sun,1,
2022-10-03,2022,10,3,Mon,0,
2022-10-04,2022,10,4,Tue,0,
2022-10-05,2022,10,5,Wed,0,
2022-10-06,2022,10,6,Thu,0,
2022-10-07,2022,10,7,Fri,0,
2022-10-08,2022,10,8,Sat,1,
2022-10-09,2022,10,9,Sun,1,
2022-10-10,2022,10,10,Mon,1,スポーツの日
2022-10-11,2022,10,11,Tue,0,
2022-10-12,2022,10,12,Wed,0,
2022-10-13,2022,10,13,Thu,0,
2022-10-14,2022,10,14,Fri,0,
2022-10-15,2022,10,15,Sat,1,
2022-10-16,2022,10,16,Sun,1,
2022-10-17,2022,10,17,Mon,0,
2022-10-18,2022,10,18,Tue,0,
2022-10-19,2022,10,19,Wed,0,
2022-10-20,2022,10,20,Thu,0,
2022-10-21,2022,10,21,Fri,0,
2022-10-22,2022,10,22,Sat,1,
2022-10-23,2022,10,23,Sun,1,
2022-10-24,2022,10,24,Mon,0,
2022-10-25,2022,10,25,Tue,0,
2022-10-26,2022,10,26,Wed,0,
2022-10-27,2022,10,27,Thu,0,
2022-10-28,2022,10,28,Fri,0,
2022-10-29,2022,10,29,Sat,1,
2022-10-30,2022,10,30,Sun,1,
2022-10-31,2022,10,31,Mon,0,
2022-11-01,2022,11,1,Tue,0,
2022-11-02,2022,11,2,Wed,0,
2022-11-03,2022,11,3,Thu,1,文化の日
2022-11-04,2022,11,4,Fri,0,
2022-11-05,2022,11,5,Sat,1,
2022-11-06,2022,11,6,Sun,1,
2022-11-07,2022,11,7,Mon,0,
2022-11-08,2022,11,8,Tue,0,
2022-11-09,2022,11,9,Wed,0,
2022-11-10,2022,11,10,Thu,0,
2022-11-11,2022,11,11,Fri,0,
2022-11-12,2022,11,12,Sat,1,
2022-11-13,2022,11,13,Sun,1,
2022-11-14,2022,11,14,Mon,0,
2022-11-15,2022,11,15,Tue,0,
2022-11-16,2022,11,16,Wed,0,
2022-11-17,2022,11,17,Thu,0,
2022-11-18,2022,11,18,Fri,0,
2022-11-19,2022,11,19,Sat,1,
2022-11-20,2022,11,20,Sun,1,
2022-11-21,2022,11,21,Mon,0,
2022-11-22,2022,11,22,Tue,0,
2022-11-23,2022,11,23,Wed,1,勤労感謝の日
2022-11-24,2022,11,24,Thu,0,
2022-11-25,2022,11,25,Fri,0,
2022-11-26,2022,11,26,Sat,1,
2022-11-27,2022,11,27,Sun,1,
2022-11-28,2022,11,28,Mon,0,
2022-11-29,2022,11,29,Tue,0,
2022-11-30,2022,11,30,Wed,0,
2022-12-01,2022,12,1,Thu,0,
2022-12-02,2022,12,2,Fri,0,
2022-12-03,2022,12,3,Sat,1,
2022-12-04,2022,12,4,Sun,1,
2022-12-05,2022,12,5,Mon,0,
2022-12-06,2022,12,6,Tue,0,
2022-12-07,2022,12,7,Wed,0,
2022-12-08,2022,12,8,Thu,0,
2022-12-09,2022,12,9,Fri,0,
2022-12-10,2022,12,10,Sat,1,
2022-12-11,2022,12,11,Sun,1,
2022-12-12,2022,12,12,Mon,0,
2022-12-13,2022,12,13,Tue,0,
2022-12-14,2022,12,14,Wed,0,
2022-12-15,2022,12,15,Thu,0,
2022-12-16,2022,12,16,Fri,0,
2022-12-17,2022,12,17,Sat,1,
2022-12-18,2022,12,18,Sun,1,
2022-12-19,2022,12,19,Mon,0,
2022-12-20,2022,12,20,Tue,0,
2022-12-21,2022,12,21,Wed,0,
2022-12-22,2022,12,22,Thu,0,
2022-12-23,2022,12,23,Fri,0,
2022-12-24,2022,12,24,Sat,1,
2022-12-25,2022,12,25,Sun,1,
2022-12-26,2022,12,26,Mon,0,
2022-12-27,2022,12,27,Tue,0,
2022-12-28,2022,12,28,Wed,0,
2022-12-29,2022,12,29,Thu,0,
2022-12-30,2022,12,30,Fri,0,
2022-12-31,2022,12,31,Sat,1,
2023-01-01,2023,1,1,Sun,1,元日
2023-01-02,2023,1,2,Mon,1,振替休日
2023-01-03,2023,1,3,Tue,0,
2023-01-04,2023,1,4,Wed,0,
2023-01-05,2023,1,5,Thu,0,
2023-01-06,2023,1,6,Fri,0,
2023-01-07,2023,1,7,Sat,1,
2023-01-08,2023,1,8,Sun,1,
2023-01-09,2023,1,9,Mon,1,成人の日
2023-01-10,2023,1,10,Tue,0,
2023-01-11,2023,1,11,Wed,0,
2023-01-12,2023,1,12,Thu,0,
2023-01-13,2023,1,13,Fri,0,
2023-01-14,2023,1,14,Sat,1,
2023-01-15,2023,1,15,Sun,1,
2023-01-16,2023,1,16,Mon,0,
2023-01-17,2023,1,17,Tue,0,
2023-01-18,2023,1,18,Wed,0,
2023-01-19,2023,1,19,Thu,0,
2023-01-20,2023,1,20,Fri,0,
2023-01-21,2023,1,21,Sat,1,
2023-01-22,2023,1,22,Sun,1,
2023-01-23,2023,1,23,Mon,0,
2023-01-24,2023,1,24,Tue,0,
2023-01-25,2023,1,25,Wed,0,
2023-01-26,2023,1,26,Thu,0,
2023-01-27,2023,1,27,Fri,0,
2023-01-28,2023,1,28,Sat,1,
2023-01-29,2023,1,29,Sun,1,
2023-01-30,2023,1,30,Mon,0,
2023-01-31,2023,1,31,Tue,0,
2023-02-01,2023,2,1,Wed,0,
2023-02-02,2023,2,2,Thu,0,
2023-02-03,2023,2,3,Fri,0,
2023-02-04,2023,2,4,Sat,1,
2023-02-05,2023,2,5,Sun,1,
2023-02-06,2023,2,6,Mon,0,
2023-02-07,2023,2,7,Tue,0,
2023-02-08,2023,2,8,Wed,0,
2023-02-09,2023,2,9,Thu,0,
2023-02-10,2023,2,10,Fri,0,
2023-02-11,2023,2,11,Sat,1,建国記念日
2023-02-12,2023,2,12,Sun,1,
2023-02-13,2023,2,13,Mon,0,
2023-02-14,2023,2,14,Tue,0,
2023-02-15,2023,2,15,Wed,0,
2023-02-16,2023,2,16,Thu,0,
2023-02-17,2023,2,17,Fri,0,
2023-02-18,2023,2,18,Sat,1,
2023-02-19,2023,2,19,Sun,1,
2023-02-20,2023,2,20,Mon,0,
2023-02-21,2023,2,21,Tue,0,
2023-02-22,2023,2,22,Wed,0,
2023-02-23,2023,2,23,Thu,1,天皇誕生日
2023-02-24,2023,2,24,Fri,0,
2023-02-25,2023,2,25,Sat,1,
2023-02-26,2023,2,26,Sun,1,
2023-02-27,2023,2,27,Mon,0,
2023-02-28,2023,2,28,Tue,0,
2023-03-01,2023,3,1,Wed,0,
2023-03-02,2023,3,2,Thu,0,
2023-03-03,2023,3,3,Fri,0,
2023-03-04,2023,3,4,Sat,1,
2023-03-05,2023,3,5,Sun,1,
2023-03-06,2023,3,6,Mon,0,
2023-03-07,2023,3,7,Tue,0,
2023-03-08,2023,3,8,Wed,0,
2023-03-09,2023,3,9,Thu,0,
2023-03-10,2023,3,10,Fri,0,
2023-03-11,2023,3,11,Sat,1,
2023-03-12,2023,3,12,Sun,1,
2023-03-13,2023,3,13,Mon,0,
2023-03-14,2023,3,14,Tue,0,
2023-03-15,2023,3,15,Wed,0,
2023-03-16,2023,3,16,Thu,0,
2023-03-17,2023,3,17,Fri,0,
2023-03-18,2023,3,18,Sat,1,
2023-03-19,2023,3,19,Sun,1,
2023-03-20,2023,3,20,Mon,0,
2023-03-21,2023,3,21,Tue,1,春分の日
2023-03-22,2023,3,22,Wed,0,
2023-03-23,2023,3,23,Thu,0,
2023-03-24,2023,3,24,Fri,0,
2023-03-25,2023,3,25,Sat,1,
2023-03-26,2023,3,26,Sun,1,
2023-03-27,2023,3,27,Mon,0,
2023-03-28,2023,3,28,Tue,0,
2023-03-29,2023,3,29,Wed,0,
2023-03-30,2023,3,30,Thu,0,
2023-03-31,2023,3,31,Fri,0,
2023-04-01,2023,4,1,Sat,1,
2023-04-02,2023,4,2,Sun,1,
2023-04-03,2023,4,3,Mon,0,
2023-04-04,2023,4,4,Tue,0,
2023-04-05,2023,4,5,Wed,0,
2023-04-06,2023,4,6,Thu,0,
2023-04-07,2023,4,7,Fri,0,
2023-04-08,2023,4,8,Sat,1,
2023-04-09,2023,4,9,Sun,1,
2023-04-10,2023,4,10,Mon,0,
2023-04-11,2023,4,11,Tue,0,
2023-04-12,2023,4,12,Wed,0,
2023-04-13,2023,4,13,Thu,0,
2023-04-14,2023,4,14,Fri,0,
2023-04-15,2023,4,15,Sat,1,
2023-04-16,2023,4,16,Sun,1,
2023-04-17,2023,4,17,Mon,0,
2023-04-18,2023,4,18,Tue,0,
2023-04-19,2023,4,19,Wed,0,
2023-04-20,2023,4,20,Thu,0,
2023-04-21,2023,4,21,Fri,0,
2023-04-22,2023,4,22,Sat,1,
2023-04-23,2023,4,23,Sun,1,
2023-04-24,2023,4,24,Mon,0,
2023-04-25,2023,4,25,Tue,0,
2023-04-26,2023,4,26,Wed,0,
2023-04-27,2023,4,27,Thu,0,
2023-04-28,2023,4,28,Fri,0,
2023-04-29,2023,4,29,Sat,1,昭和の日
2023-04-30,2023,4,30,Sun,1,
2023-05-01,2023,5,1,Mon,0,
2023-05-02,2023,5,2,Tue,0,
2023-05-03,2023,5,3,Wed,1,憲法記念日
2023-05-04,2023,5,4,Thu,1,みどりの日
2023-05-05,2023,5,5,Fri,1,こどもの日
2023-05-06,2023,5,6,Sat,1,
2023-05-07,2023,5,7,Sun,1,
2023-05-08,2023,5,8,Mon,0,
2023-05-09,2023,5,9,Tue,0,
2023-05-10,2023,5,10,Wed,0,
2023-05-11,2023,5,11,Thu,0,
2023-05-12,2023,5,12,Fri,0,
2023-05-13,2023,5,13,Sat,1,
2023-05-14,2023,5,14,Sun,1,
2023-05-15,2023,5,15,Mon,0,
2023-05-16,2023,5,16,Tue,0,
2023-05-17,2023,5,17,Wed,0,
2023-05-18,2023,5,18,Thu,0,
2023-05-19,2023,5,19,Fri,0,
2023-05-20,2023,5,20,Sat,1,
2023-05-21,2023,5,21,Sun,1,
2023-05-22,2023,5,22,Mon,0,
2023-05-23,2023,5,23,Tue,0,
2023-05-24,2023,5,24,Wed,0,
2023-05-25,2023,5,25,Thu,0,
2023-05-26,2023,5,26,Fri,0,
2023-05-27,2023,5,27,Sat,1,
2023-05-28,2023,5,28,Sun,1,
2023-05-29,2023,5,29,Mon,0,
2023-05-30,2023,5,30,Tue,0,
2023-05-31,2023,5,31,Wed,0,
2023-06-01,2023,6,1,Thu,0,
2023-06-02,2023,6,2,Fri,0,
2023-06-03,2023,6,3,Sat,1,
2023-06-04,2023,6,4,Sun,1,
2023-06-05,2023,6,5,Mon,0,
2023-06-06,2023,6,6,Tue,0,
2023-06-07,2023,6,7,Wed,0,
2023-06-08,2023,6,8,Thu,0,
2023-06-09,2023,6,9,Fri,0,
2023-06-10,2023,6,10,Sat,1,
2023-06-11,2023,6,11,Sun,1,
2023-06-12,2023,6,12,Mon,0,
2023-06-13,2023,6,13,Tue,0,
2023-06-14,2023,6,14,Wed,0,
2023-06-15,2023,6,15,Thu,0,
2023-06-16,2023,6,16,Fri,0,
2023-06-17,2023,6,17,Sat,1,
2023-06-18,2023,6,18,Sun,1,
2023-06-19,2023,6,19,Mon,0,
2023-06-20,2023,6,20,Tue,0,
2023-06-21,2023,6,21,Wed,0,
2023-06-22,2023,6,22,Thu,0,
2023-06-23,2023,6,23,Fri,0,
2023-06-24,2023,6,24,Sat,1,
2023-06-25,2023,6,25,Sun,1,
2023-06-26,2023,6,26,Mon,0,
2023-06-27,2023,6,27,Tue,0,
2023-06-28,2023,6,28,Wed,0,
2023-06-29,2023,6,29,Thu,0,
2023-06-30,2023,6,30,Fri,0,
2023-07-01,2023,7,1,Sat,1,
2023-07-02,2023,7,2,Sun,1,
2023-07-03,2023,7,3,Mon,0,
2023-07-04,2023,7,4,Tue,0,
2023-07-05,2023,7,5,Wed,0,
2023-07-06,2023,7,6,Thu,0,
2023-07-07,2023,7,7,Fri,0,
2023-07-08,2023,7,8,Sat,1,
2023-07-09,2023,7,9,Sun,1,
2023-07-10,2023,7,10,Mon,0,
2023-07-11,2023,7,11,Tue,0,
2023-07-12,2023,7,12,Wed,0,
2023-07-13,2023,7,13,Thu,0,
2023-07-14,2023,7,14,Fri,0,
2023-07-15,2023,7,15,Sat,1,
2023-07-16,2023,7,16,Sun,1,
2023-07-17,2023,7,17,Mon,1,海の日
2023-07-18,2023,7,18,Tue,0,
2023-07-19,2023,7,19,Wed,0,
2023-07-20,2023,7,20,Thu,0,
2023-07-21,2023,7,21,Fri,0,
2023-07-22,2023,7,22,Sat,1,
2023-07-23,2023,7,23,Sun,1,
2023-07-24,2023,7,24,Mon,0,
2023-07-25,2023,7,25,Tue,0,
2023-07-26,2023,7,26,Wed,0,
2023-07-27,2023,7,27,Thu,0,
2023-07-28,2023,7,28,Fri,0,
2023-07-29,2023,7,29,Sat,1,
2023-07-30,2023,7,30,Sun,1,
2023-07-31,2023,7,31,Mon,0,
2023-08-01,2023,8,1,Tue,0,
2023-08-02,2023,8,2,Wed,0,
2023-08-03,2023,8,3,Thu,0,
2023-08-04,2023,8,4,Fri,0,
2023-08-05,2023,8,5,Sat,1,
2023-08-06,2023,8,6,Sun,1,
2023-08-07,2023,8,7,Mon,0,
2023-08-08,2023,8,8,Tue,0,
2023-08-09,2023,8,9,Wed,0,
2023-08-10,2023,8,10,Thu,0,
2023-08-11,2023,8,11,Fri,1,山の日
2023-08-12,2023,8,12,Sat,1,
2023-08-13,2023,8,13,Sun,1,
2023-08-14,2023,8,14,Mon,0,
2023-08-15,2023,8,15,Tue,0,
2023-08-16,2023,8,16,Wed,0,
2023-08-17,2023,8,17,Thu,0,
2023-08-18,2023,8,18,Fri,0,
2023-08-19,2023,8,19,Sat,1,
2023-08-20,2023,8,20,Sun,1,
2023-08-21,2023,8,21,Mon,0,
2023-08-22,2023,8,22,Tue,0,
2023-08-23,2023,8,23,Wed,0,
2023-08-24,2023,8,24,Thu,0,
2023-08-25,2023,8,25,Fri,0,
2023-08-26,2023,8,26,Sat,1,
2023-08-27,2023,8,27,Sun,1,
2023-08-28,2023,8,28,Mon,0,
2023-08-29,2023,8,29,Tue,0,
2023-08-30,2023,8,30,Wed,0,
2023-08-31,2023,8,31,Thu,0,
2023-09-01,2023,9,1,Fri,0,
2023-09-02,2023,9,2,Sat,1,
2023-09-03,2023,9,3,Sun,1,
2023-09-04,2023,9,4,Mon,0,
2023-09-05,2023,9,5,Tue,0,
2023-09-06,2023,9,6,Wed,0,
2023-09-07,2023,9,7,Thu,0,
2023-09-08,2023,9,8,Fri,0,
2023-09-09,2023,9,9,Sat,1,
2023-09-10,2023,9,10,Sun,1,
2023-09-11,2023,9,11,Mon,0,
2023-09-12,2023,9,12,Tue,0,
2023-09-13,2023,9,13,Wed,0,
2023-09-14,2023,9,14,Thu,0,
2023-09-15,2023,9,15,Fri,0,
2023-09-16,2023,9,16,Sat,1,
2023-09-17,2023,9,17,Sun,1,
2023-09-18,2023,9,18,Mon,1,敬老の日
2023-09-19,2023,9,19,Tue,0,
2023-09-20,2023,9,20,Wed,0,
2023-09-21,2023,9,21,Thu,0,
2023-09-22,2023,9,22,Fri,0,
2023-09-23,2023,9,23,Sat,1,秋分の日
2023-09-24,2023,9,24,Sun,1,
2023-09-25,2023,9,25,Mon,0,
2023-09-26,2023,9,26,Tue,0,
2023-09-27,2023,9,27,Wed,0,
2023-09-28,2023,9,28,Thu,0,
2023-09-29,2023,9,29,Fri,0,
2023-09-30,2023,9,30,Sat,1,
2023-10-01,2023,10,1,Sun,1,
2023-10-02,2023,10,2,Mon,0,
2023-10-03,2023,10,3,Tue,0,
2023-10-04,2023,10,4,Wed,0,
2023-10-05,2023,10,5,Thu,0,
2023-10-06,2023,10,6,Fri,0,
2023-10-07,2023,10,7,Sat,1,
2023-10-08,2023,10,8,Sun,1,
2023-10-09,2023,10,9,Mon,1,スポーツの日
2023-10-10,2023,10,10,Tue,0,
2023-10-11,2023,10,11,Wed,0,
2023-10-12,2023,10,12,Thu,0,
2023-10-13,2023,10,13,Fri,0,
2023-10-14,2023,10,14,Sat,1,
2023-10-15,2023,10,15,Sun,1,
2023-10-16,2023,10,16,Mon,0,
2023-10-17,2023,10,17,Tue,0,
2023-10-18,2023,10,18,Wed,0,
2023-10-19,2023,10,19,Thu,0,
2023-10-20,2023,10,20,Fri,0,
2023-10-21,2023,10,21,Sat,1,
2023-10-22,2023,10,22,Sun,1,
2023-10-23,2023,10,23,Mon,0,
2023-10-24,2023,10,24,Tue,0,
2023-10-25,2023,10,25,Wed,0,
2023-10-26,2023,10,26,Thu,0,
2023-10-27,2023,10,27,Fri,0,
2023-10-28,2023,10,28,Sat,1,
2023-10-29,2023,10,29,Sun,1,
2023-10-30,2023,10,30,Mon,0,
2023-10-31,2023,10,31,Tue,0,
2023-11-01,2023,11,1,Wed,0,
2023-11-02,2023,11,2,Thu,0,
2023-11-03,2023,11,3,Fri,1,文化の日
2023-11-04,2023,11,4,Sat,1,
2023-11-05,2023,11,5,Sun,1,
2023-11-06,2023,11,6,Mon,0,
2023-11-07,2023,11,7,Tue,0,
2023-11-08,2023,11,8,Wed,0,
2023-11-09,2023,11,9,Thu,0,
2023-11-10,2023,11,10,Fri,0,
2023-11-11,2023,11,11,Sat,1,
2023-11-12,2023,11,12,Sun,1,
2023-11-13,2023,11,13,Mon,0,
2023-11-14,2023,11,14,Tue,0,
2023-11-15,2023,11,15,Wed,0,
2023-11-16,2023,11,16,Thu,0,
2023-11-17,2023,11,17,Fri,0,
2023-11-18,2023,11,18,Sat,1,
2023-11-19,2023,11,19,Sun,1,
2023-11-20,2023,11,20,Mon,0,
2023-11-21,2023,11,21,Tue,0,
2023-11-22,2023,11,22,Wed,0,
2023-11-23,2023,11,23,Thu,1,勤労感謝の日
2023-11-24,2023,11,24,Fri,0,
2023-11-25,2023,11,25,Sat,1,
2023-11-26,2023,11,26,Sun,1,
2023-11-27,2023,11,27,Mon,0,
2023-11-28,2023,11,28,Tue,0,
2023-11-29,2023,11,29,Wed,0,
2023-11-30,2023,11,30,Thu,0,
2023-12-01,2023,12,1,Fri,0,
2023-12-02,2023,12,2,Sat,1,
2023-12-03,2023,12,3,Sun,1,
2023-12-04,2023,12,4,Mon,0,
2023-12-05,2023,12,5,Tue,0,
2023-12-06,2023,12,6,Wed,0,
2023-12-07,2023,12,7,Thu,0,
2023-12-08,2023,12,8,Fri,0,
2023-12-09,2023,12,9,Sat,1,
2023-12-10,2023,12,10,Sun,1,
2023-12-11,2023,12,11,Mon,0,
2023-12-12,2023,12,12,Tue,0,
2023-12-13,2023,12,13,Wed,0,
2023-12-14,2023,12,14,Thu,0,
2023-12-15,2023,12,15,Fri,0,
2023-12-16,2023,12,16,Sat,1,
2023-12-17,2023,12,17,Sun,1,
2023-12-18,2023,12,18,Mon,0,
2023-12-19,2023,12,19,Tue,0,
2023-12-20,2023,12,20,Wed,0,
2023-12-21,2023,12,21,Thu,0,
2023-12-22,2023,12,22,Fri,0,
2023-12-23,2023,12,23,Sat,1,
2023-12-24,2023,12,24,Sun,1,
2023-12-25,2023,12,25,Mon,0,
2023-12-26,2023,12,26,Tue,0,
2023-12-27,2023,12,27,Wed,0,
2023-12-28,2023,12,28,Thu,0,
2023-12-29,2023,12,29,Fri,0,
2023-12-30,2023,12,30,Sat,1,
2023-12-31,2023,12,31,Sun,1,
2024-01-01,2024,1,1,Mon,1,元日
2024-01-02,2024,1,2,Tue,0,
2024-01-03,2024,1,3,Wed,0,
2024-01-04,2024,1,4,Thu,0,
2024-01-05,2024,1,5,Fri,0,
2024-01-06,2024,1,6,Sat,1,
2024-01-07,2024,1,7,Sun,1,
2024-01-08,2024,1,8,Mon,1,成人の日
2024-01-09,2024,1,9,Tue,0,
2024-01-10,2024,1,10,Wed,0,
2024-01-11,2024,1,11,Thu,0,
2024-01-12,2024,1,12,Fri,0,
2024-01-13,2024,1,13,Sat,1,
2024-01-14,2024,1,14,Sun,1,
2024-01-15,2024,1,15,Mon,0,
2024-01-16,2024,1,16,Tue,0,
2024-01-17,2024,1,17,Wed,0,
2024-01-18,2024,1,18,Thu,0,
2024-01-19,2024,1,19,Fri,0,
2024-01-20,2024,1,20,Sat,1,
2024-01-21,2024,1,21,Sun,1,
2024-01-22,2024,1,22,Mon,0,
2024-01-23,2024,1,23,Tue,0,
2024-01-24,2024,1,24,Wed,0,
2024-01-25,2024,1,25,Thu,0,
2024-01-26,2024,1,26,Fri,0,
2024-01-27,2024,1,27,Sat,1,
2024-01-28,2024,1,28,Sun,1,
2024-01-29,2024,1,29,Mon,0,
2024-01-30,2024,1,30,Tue,0,
2024-01-31,2024,1,31,Wed,0,
2024-02-01,2024,2,1,Thu,0,
2024-02-02,2024,2,2,Fri,0,
2024-02-03,2024,2,3,Sat,1,
2024-02-04,2024,2,4,Sun,1,
2024-02-05,2024,2,5,Mon,0,
2024-02-06,2024,2,6,Tue,0,
2024-02-07,2024,2,7,Wed,0,
2024-02-08,2024,2,8,Thu,0,
2024-02-09,2024,2,9,Fri,0,
2024-02-10,2024,2,10,Sat,1,
2024-02-11,2024,2,11,Sun,1,建国記念日
2024-02-12,2024,2,12,Mon,1,振替休日
2024-02-13,2024,2,13,Tue,0,
2024-02-14,2024,2,14,Wed,0,
2024-02-15,2024,2,15,Thu,0,
2024-02-16,2024,2,16,Fri,0,
2024-02-17,2024,2,17,Sat,1,
2024-02-18,2024,2,18,Sun,1,
2024-02-19,2024,2,19,Mon,0,
2024-02-20,2024,2,20,Tue,0,
2024-02-21,2024,2,21,Wed,0,
2024-02-22,2024,2,22,Thu,0,
2024-02-23,2024,2,23,Fri,1,天皇誕生日
2024-02-24,2024,2,24,Sat,1,
2024-02-25,2024,2,25,Sun,1,
2024-02-26,2024,2,26,Mon,0,
2024-02-27,2024,2,27,Tue,0,
2024-02-28,2024,2,28,Wed,0,
2024-02-29,2024,2,29,Thu,0,
2024-03-01,2024,3,1,Fri,0,
2024-03-02,2024,3,2,Sat,1,
2024-03-03,2024,3,3,Sun,1,
2024-03-04,2024,3,4,Mon,0,
2024-03-05,2024,3,5,Tue,0,
2024-03-06,2024,3,6,Wed,0,
2024-03-07,2024,3,7,Thu,0,
2024-03-08,2024,3,8,Fri,0,
2024-03-09,2024,3,9,Sat,1,
2024-03-10,2024,3,10,Sun,1,
2024-03-11,2024,3,11,Mon,0,
2024-03-12,2024,3,12,Tue,0,
2024-03-13,2024,3,13,Wed,0,
2024-03-14,2024,3,14,Thu,0,
2024-03-15,2024,3,15,Fri,0,
2024-03-16,2024,3,16,Sat,1,
2024-03-17,2024,3,17,Sun,1,
2024-03-18,2024,3,18,Mon,0,
2024-03-19,2024,3,19,Tue,0,
2024-03-20,2024,3,20,Wed,1,春分の日
2024-03-21,2024,3,21,Thu,0,
2024-03-22,2024,3,22,Fri,0,
2024-03-23,2024,3,23,Sat,1,
2024-03-24,2024,3,24,Sun,1,
2024-03-25,2024,3,25,Mon,0,
2024-03-26,2024,3,26,Tue,0,
2024-03-27,2024,3,27,Wed,0,
2024-03-28,2024,3,28,Thu,0,
2024-03-29,2024,3,29,Fri,0,
2024-03-30,2024,3,30,Sat,1,
2024-03-31,2024,3,31,Sun,1,
2024-04-01,2024,4,1,Mon,0,
2024-04-02,2024,4,2,Tue,0,
2024-04-03,2024,4,3,Wed,0,
2024-04-04,2024,4,4,Thu,0,
2024-04-05,2024,4,5,Fri,0,
2024-04-06,2024,4,6,Sat,1,
2024-04-07,2024,4,7,Sun,1,
2024-04-08,2024,4,8,Mon,0,
2024-04-09,2024,4,9,Tue,0,
2024-04-10,2024,4,10,Wed,0,
2024-04-11,2024,4,11,Thu,0,
2024-04-12,2024,4,12,Fri,0,
2024-04-13,2024,4,13,Sat,1,
2024-04-14,2024,4,14,Sun,1,
2024-04-15,2024,4,15,Mon,0,
2024-04-16,2024,4,16,Tue,0,
2024-04-17,2024,4,17,Wed,0,
2024-04-18,2024,4,18,Thu,0,
2024-04-19,2024,4,19,Fri,0,
2024-04-20,2024,4,20,Sat,1,
2024-04-21,2024,4,21,Sun,1,
2024-04-22,2024,4,22,Mon,0,
2024-04-23,2024,4,23,Tue,0,
2024-04-24,2024,4,24,Wed,0,
2024-04-25,2024,4,25,Thu,0,
2024-04-26,2024,4,26,Fri,0,
2024-04-27,2024,4,27,Sat,1,
2024-04-28,2024,4,28,Sun,1,
2024-04-29,2024,4,29,Mon,1,昭和の日
2024-04-30,2024,4,30,Tue,0,
2024-05-01,2024,5,1,Wed,0,
2024-05-02,2024,5,2,Thu,0,
2024-05-03,2024,5,3,Fri,1,憲法記念日
2024-05-04,2024,5,4,Sat,1,みどりの日
2024-05-05,2024,5,5,Sun,1,こどもの日
2024-05-06,2024,5,6,Mon,1,振替休日
2024-05-07,2024,5,7,Tue,0,
2024-05-08,2024,5,8,Wed,0,
2024-05-09,2024,5,9,Thu,0,
2024-05-10,2024,5,10,Fri,0,
2024-05-11,2024,5,11,Sat,1,
2024-05-12,2024,5,12,Sun,1,
2024-05-13,2024,5,13,Mon,0,
2024-05-14,2024,5,14,Tue,0,
2024-05-15,2024,5,15,Wed,0,
2024-05-16,2024,5,16,Thu,0,
2024-05-17,2024,5,17,Fri,0,
2024-05-18,2024,5,18,Sat,1,
2024-05-19,2024,5,19,Sun,1,
2024-05-20,2024,5,20,Mon,0,
2024-05-21,2024,5,21,Tue,0,
2024-05-22,2024,5,22,Wed,0,
2024-05-23,2024,5,23,Thu,0,
2024-05-24,2024,5,24,Fri,0,
2024-05-25,2024,5,25,Sat,1,
2024-05-26,2024,5,26,Sun,1,
2024-05-27,2024,5,27,Mon,0,
2024-05-28,2024,5,28,Tue,0,
2024-05-29,2024,5,29,Wed,0,
2024-05-30,2024,5,30,Thu,0,
2024-05-31,2024,5,31,Fri,0,
2024-06-01,2024,6,1,Sat,1,
2024-06-02,2024,6,2,Sun,1,
2024-06-03,2024,6,3,Mon,0,
2024-06-04,2024,6,4,Tue,0,
2024-06-05,2024,6,5,Wed,0,
2024-06-06,2024,6,6,Thu,0,
2024-06-07,2024,6,7,Fri,0,
2024-06-08,2024,6,8,Sat,1,
2024-06-09,2024,6,9,Sun,1,
2024-06-10,2024,6,10,Mon,0,
2024-06-11,2024,6,11,Tue,0,
2024-06-12,2024,6,12,Wed,0,
2024-06-13,2024,6,13,Thu,0,
2024-06-14,2024,6,14,Fri,0,
2024-06-15,2024,6,15,Sat,1,
2024-06-16,2024,6,16,Sun,1,
2024-06-17,2024,6,17,Mon,0,
2024-06-18,2024,6,18,Tue,0,
2024-06-19,2024,6,19,Wed,0,
2024-06-20,2024,6,20,Thu,0,
2024-06-21,2024,6,21,Fri,0,
2024-06-22,2024,6,22,Sat,1,
2024-06-23,2024,6,23,Sun,1,
2024-06-24,2024,6,24,Mon,0,
2024-06-25,2024,6,25,Tue,0,
2024-06-26,2024,6,26,Wed,0,
2024-06-27,2024,6,27,Thu,0,
2024-06-28,2024,6,28,Fri,0,
2024-06-29,2024,6,29,Sat,1,
2024-06-30,2024,6,30,Sun,1,
2024-07-01,2024,7,1,Mon,0,
2024-07-02,2024,7,2,Tue,0,
2024-07-03,2024,7,3,Wed,0,
2024-07-04,2024,7,4,Thu,0,
2024-07-05,2024,7,5,Fri,0,
2024-07-06,2024,7,6,Sat,1,
2024-07-07,2024,7,7,Sun,1,
2024-07-08,2024,7,8,Mon,0,
2024-07-09,2024,7,9,Tue,0,
2024-07-10,2024,7,10,Wed,0,
2024-07-11,2024,7,11,Thu,0,
2024-07-12,2024,7,12,Fri,0,
2024-07-13,2024,7,13,Sat,1,
2024-07-14,2024,7,14,Sun,1,
2024-07-15,2024,7,15,Mon,1,海の日
2024-07-16,2024,7,16,Tue,0,
2024-07-17,2024,7,17,Wed,0,
2024-07-18,2024,7,18,Thu,0,
2024-07-19,2024,7,19,Fri,0,
2024-07-20,2024,7,20,Sat,1,
2024-07-21,2024,7,21,Sun,1,
2024-07-22,2024,7,22,Mon,0,
2024-07-23,2024,7,23,Tue,0,
2024-07-24,2024,7,24,Wed,0,
2024-07-25,2024,7,25,Thu,0,
2024-07-26,2024,7,26,Fri,0,
2024-07-27,2024,7,27,Sat,1,
2024-07-28,2024,7,28,Sun,1,
2024-07-29,2024,7,29,Mon,0,
2024-07-30,2024,7,30,Tue,0,
2024-07-31,2024,7,31,Wed,0,
2024-08-01,2024,8,1,Thu,0,
2024-08-02,2024,8,2,Fri,0,
2024-08-03,2024,8,3,Sat,1,
2024-08-04,2024,8,4,Sun,1,
2024-08-05,2024,8,5,Mon,0,
2024-08-06,2024,8,6,Tue,0,
2024-08-07,2024,8,7,Wed,0,
2024-08-08,2024,8,8,Thu,0,
2024-08-09,2024,8,9,Fri,0,
2024-08-10,2024,8,10,Sat,1,
2024-08-11,2024,8,11,Sun,1,山の日
2024-08-12,2024,8,12,Mon,1,振替休日
2024-08-13,2024,8,13,Tue,0,
2024-08-14,2024,8,14,Wed,0,
2024-08-15,2024,8,15,Thu,0,
2024-08-16,2024,8,16,Fri,0,
2024-08-17,2024,8,17,Sat,1,
2024-08-18,2024,8,18,Sun,1,
2024-08-19,2024,8,19,Mon,0,
2024-08-20,2024,8,20,Tue,0,
2024-08-21,2024,8,21,Wed,0,
2024-08-22,2024,8,22,Thu,0,
2024-08-23,2024,8,23,Fri,0,
2024-08-24,2024,8,24,Sat,1,
2024-08-25,2024,8,25,Sun,1,
2024-08-26,2024,8,26,Mon,0,
2024-08-27,2024,8,27,Tue,0,
2024-08-28,2024,8,28,Wed,0,
2024-08-29,2024,8,29,Thu,0,
2024-08-30,2024,8,30,Fri,0,
2024-08-31,2024,8,31,Sat,1,
2024-09-01,2024,9,1,Sun,1,
2024-09-02,2024,9,2,Mon,0,
2024-09-03,2024,9,3,Tue,0,
2024-09-04,2024,9,4,Wed,0,
2024-09-05,2024,9,5,Thu,0,
2024-09-06,2024,9,6,Fri,0,
2024-09-07,2024,9,7,Sat,1,
2024-09-08,2024,9,8,Sun,1,
2024-09-09,2024,9,9,Mon,0,
2024-09-10,2024,9,10,Tue,0,
2024-09-11,2024,9,11,Wed,0,
2024-09-12,2024,9,12,Thu,0,
2024-09-13,2024,9,13,Fri,0,
2024-09-14,2024,9,14,Sat,1,
2024-09-15,2024,9,15,Sun,1,
2024-09-16,2024,9,16,Mon,1,敬老の日
2024-09-17,2024,9,17,Tue,0,
2024-09-18,2024,9,18,Wed,0,
2024-09-19,2024,9,19,Thu,0,
2024-09-20,2024,9,20,Fri,0,
2024-09-21,2024,9,21,Sat,1,
2024-09-22,2024,9,22,Sun,1,秋分の日
2024-09-23,2024,9,23,Mon,1,振替休日
2024-09-24,2024,9,24,Tue,0,
2024-09-25,2024,9,25,Wed,0,
2024-09-26,2024,9,26,Thu,0,
2024-09-27,2024,9,27,Fri,0,
2024-09-28,2024,9,28,Sat,1,
2024-09-29,2024,9,29,Sun,1,
2024-09-30,2024,9,30,Mon,0,
2024-10-01,2024,10,1,Tue,0,
2024-10-02,2024,10,2,Wed,0,
2024-10-03,2024,10,3,Thu,0,
2024-10-04,2024,10,4,Fri,0,
2024-10-05,2024,10,5,Sat,1,
2024-10-06,2024,10,6,Sun,1,
2024-10-07,2024,10,7,Mon,0,
2024-10-08,2024,10,8,Tue,0,
2024-10-09,2024,10,9,Wed,0,
2024-10-10,2024,10,10,Thu,0,
2024-10-11,2024,10,11,Fri,0,
2024-10-12,2024,10,12,Sat,1,
2024-10-13,2024,10,13,Sun,1,
2024-10-14,2024,10,14,Mon,1,スポーツの日
2024-10-15,2024,10,15,Tue,0,
2024-10-16,2024,10,16,Wed,0,
2024-10-17,2024,10,17,Thu,0,
2024-10-18,2024,10,18,Fri,0,
2024-10-19,2024,10,19,Sat,1,
2024-10-20,2024,10,20,Sun,1,
2024-10-21,2024,10,21,Mon,0,
2024-10-22,2024,10,22,Tue,0,
2024-10-23,2024,10,23,Wed,0,
2024-10-24,2024,10,24,Thu,0,
2024-10-25,2024,10,25,Fri,0,
2024-10-26,2024,10,26,Sat,1,
2024-10-27,2024,10,27,Sun,1,
2024-10-28,2024,10,28,Mon,0,
2024-10-29,2024,10,29,Tue,0,
2024-10-30,2024,10,30,Wed,0,
2024-10-31,2024,10,31,Thu,0,
2024-11-01,2024,11,1,Fri,0,
2024-11-02,2024,11,2,Sat,1,
2024-11-03,2024,11,3,Sun,1,文化の日
2024-11-04,2024,11,4,Mon,1,振替休日
2024-11-05,2024,11,5,Tue,0,
2024-11-06,2024,11,6,Wed,0,
2024-11-07,2024,11,7,Thu,0,
2024-11-08,2024,11,8,Fri,0,
2024-11-09,2024,11,9,Sat,1,
2024-11-10,2024,11,10,Sun,1,
2024-11-11,2024,11,11,Mon,0,
2024-11-12,2024,11,12,Tue,0,
2024-11-13,2024,11,13,Wed,0,
2024-11-14,2024,11,14,Thu,0,
2024-11-15,2024,11,15,Fri,0,
2024-11-16,2024,11,16,Sat,1,
2024-11-17,2024,11,17,Sun,1,
2024-11-18,2024,11,18,Mon,0,
2024-11-19,2024,11,19,Tue,0,
2024-11-20,2024,11,20,Wed,0,
2024-11-21,2024,11,21,Thu,0,
2024-11-22,2024,11,22,Fri,0,
2024-11-23,2024,11,23,Sat,1,勤労感謝の日
2024-11-24,2024,11,24,Sun,1,
2024-11-25,2024,11,25,Mon,0,
2024-11-26,2024,11,26,Tue,0,
2024-11-27,2024,11,27,Wed,0,
2024-11-28,2024,11,28,Thu,0,
2024-11-29,2024,11,29,Fri,0,
2024-11-30,2024,11,30,Sat,1,
2024-12-01,2024,12,1,Sun,1,
2024-12-02,2024,12,2,Mon,0,
2024-12-03,2024,12,3,Tue,0,
2024-12-04,2024,12,4,Wed,0,
2024-12-05,2024,12,5,Thu,0,
2024-12-06,2024,12,6,Fri,0,
2024-12-07,2024,12,7,Sat,1,
2024-12-08,2024,12,8,Sun,1,
2024-12-09,2024,12,9,Mon,0,
2024-12-10,2024,12,10,Tue,0,
2024-12-11,2024,12,11,Wed,0,
2024-12-12,2024,12,12,Thu,0,
2024-12-13,2024,12,13,Fri,0,
2024-12-14,2024,12,14,Sat,1,
2024-12-15,2024,12,15,Sun,1,
2024-12-16,2024,12,16,Mon,0,
2024-12-17,2024,12,17,Tue,0,
2024-12-18,2024,12,18,Wed,0,
2024-12-19,2024,12,19,Thu,0,
2024-12-20,2024,12,20,Fri,0,
2024-12-21,2024,12,21,Sat,1,
2024-12-22,2024,12,22,Sun,1,
2024-12-23,2024,12,23,Mon,0,
2024-12-24,2024,12,24,Tue,0,
2024-12-25,2024,12,25,Wed,0,
2024-12-26,2024,12,26,Thu,0,
2024-12-27,2024,12,27,Fri,0,
2024-12-28,2024,12,28,Sat,1,
2024-12-29,2024,12,29,Sun,1,
2024-12-30,2024,12,30,Mon,0,
2024-12-31,2024,12,31,Tue,0,
